Country,Country_Code,Indicator Name,Indicator Code,2018,2019,2020,GDP_per_Capita_2021,,,
Afghanistan,Afg,GDP per capita (current US$),NY.GDP.PCAP.CD,502.06,500.52,516.87,368.75,,,Dataset retrieved from URL: 
Africa Eastern and Southern,AFE,GDP per capita (current US$),NY.GDP.PCAP.CD,1564.73,1512.27,1363.54,1549.77,,,https://data.worldbank.org/indicator/NY.GDP.PCAP.CD?end=2021&name_desc=false&start=1960
Africa Western and Central,AFW,GDP per capita (current US$),NY.GDP.PCAP.CD,1731.31,1749.3,1683.44,1757.03,,,
Albania,Alb,GDP per capita (current US$),NY.GDP.PCAP.CD,5287.66,5396.22,5332.16,6492.87,,,
Algeria,Alg,GDP per capita (current US$),NY.GDP.PCAP.CD,4171.8,4022.15,3337.25,3690.63,,,
American Samoa,Ame,GDP per capita (current US$),NY.GDP.PCAP.CD,13195.94,13672.58,15501.53,15743.31,,,
Andorra,And,GDP per capita (current US$),NY.GDP.PCAP.CD,42903.44,41327.5,37207.49,42137.33,,,
Angola,Ago,GDP per capita (current US$),NY.GDP.PCAP.CD,2487.5,2142.24,1603.99,1953.53,,,
Antigua and Barbuda,Ant,GDP per capita (current US$),NY.GDP.PCAP.CD,17527.17,18319.46,14787.64,15781.4,,,
Arab World,ARB,GDP per capita (current US$),NY.GDP.PCAP.CD,6474.3,6384.07,5545.46,6271.32,,,
Argentina,Arg,GDP per capita (current US$),NY.GDP.PCAP.CD,11795.16,9963.67,8496.42,10636.12,,,
Armenia,Arm,GDP per capita (current US$),NY.GDP.PCAP.CD,4391.92,4828.51,4505.87,4966.51,,,
Aruba,Aru,GDP per capita (current US$),NY.GDP.PCAP.CD,30220.59,31650.76,24487.86,29342.1,,,
Australia,Aus,GDP per capita (current US$),NY.GDP.PCAP.CD,57207.87,54941.43,51720.37,60443.11,,,
Austria,Aut,GDP per capita (current US$),NY.GDP.PCAP.CD,51466.56,50070.4,48809.23,53637.71,,,
Azerbaijan,Aze,GDP per capita (current US$),NY.GDP.PCAP.CD,4739.84,4805.75,4229.91,5388,,,
Bahamas,Bhs,GDP per capita (current US$),NY.GDP.PCAP.CD,31738.27,32610.49,23862.71,27478.39,,,
Bahrain,Bah,GDP per capita (current US$),NY.GDP.PCAP.CD,25415.85,25869.11,23501.92,26562.97,,,
Bangladesh,Ban,GDP per capita (current US$),NY.GDP.PCAP.CD,1963.41,2122.08,2233.31,2457.92,,,
Barbados,Bar,GDP per capita (current US$),NY.GDP.PCAP.CD,18224.89,19002.96,16643.81,17225.46,,,
Belarus,Blr,GDP per capita (current US$),NY.GDP.PCAP.CD,6360.06,6837.72,6542.8,7302.26,,,
Belgium,Bel,GDP per capita (current US$),NY.GDP.PCAP.CD,47544.98,46638.68,45517.79,51247.01,,,
Belize,Blz,GDP per capita (current US$),NY.GDP.PCAP.CD,6059.16,6210.57,5266.88,6228.27,,,
Benin,Ben,GDP per capita (current US$),NY.GDP.PCAP.CD,1194.44,1170.97,1237.95,1319.15,,,
Bermuda,Ber,GDP per capita (current US$),NY.GDP.PCAP.CD,113050.74,116153.17,107791.89,114090.33,,,
Bhutan,Bhu,GDP per capita (current US$),NY.GDP.PCAP.CD,3210.71,3303.96,3009.92,3266.36,,,
Bolivia,Bol,GDP per capita (current US$),NY.GDP.PCAP.CD,3471.01,3472.38,3068.81,3345.2,,,
Bosnia and Herzegovina,Bos,GDP per capita (current US$),NY.GDP.PCAP.CD,5936.1,6011.37,6012.06,7143.31,,,
Botswana,Bot,GDP per capita (current US$),NY.GDP.PCAP.CD,6947.8,6679.17,5863.2,6805.22,,,
Brazil,Bra,GDP per capita (current US$),NY.GDP.PCAP.CD,9121.08,8845.26,6794.49,7507.16,,,
British Virgin Islands,Bri,GDP per capita (current US$),NY.GDP.PCAP.CD,,,,49444,,,
Brunei Darussalam,Bru,GDP per capita (current US$),NY.GDP.PCAP.CD,31241.45,30748.74,27179.41,31449.08,,,
Bulgaria,Bul,GDP per capita (current US$),NY.GDP.PCAP.CD,9446.72,9879.33,10129.81,12221.5,,,
Burkina Faso,Bfa,GDP per capita (current US$),NY.GDP.PCAP.CD,779.2,772.17,833.24,893.08,,,
Burundi,Bur,GDP per capita (current US$),NY.GDP.PCAP.CD,231.45,216.97,216.83,221.48,,,
Cabo Verde,Cab,GDP per capita (current US$),NY.GDP.PCAP.CD,3442.74,3434.56,2924.1,3293.23,,,
Cambodia,Cam,GDP per capita (current US$),NY.GDP.PCAP.CD,1533.32,1671.39,1577.91,1625.24,,,
Cameroon,Cmr,GDP per capita (current US$),NY.GDP.PCAP.CD,1594.06,1538.69,1539.13,1666.93,,,
Canada,Can,GDP per capita (current US$),NY.GDP.PCAP.CD,46548.64,46328.67,43258.26,51987.94,,,
Caribbean small states,CSS,GDP per capita (current US$),NY.GDP.PCAP.CD,10353.12,10429.33,8851.42,10063.69,,,
Cayman Islands,Cay,GDP per capita (current US$),NY.GDP.PCAP.CD,85234.84,89871.91,83329.46,86568.77,,,
Central African Republic,Cen,GDP per capita (current US$),NY.GDP.PCAP.CD,435.93,426.41,435.47,461.14,,,
Central Europe and the Baltics,CEB,GDP per capita (current US$),NY.GDP.PCAP.CD,16086.32,16358.47,16293.8,18751.03,,,
Chad,Cha,GDP per capita (current US$),NY.GDP.PCAP.CD,720.27,701.62,643.77,685.69,,,
Channel Islands,CHI,GDP per capita (current US$),NY.GDP.PCAP.CD,,,,,,,
Chile,Chi,GDP per capita (current US$),NY.GDP.PCAP.CD,15795.71,14631.95,13094.46,16265.1,,,
China ,Chi,GDP per capita (current US$),NY.GDP.PCAP.CD,9905.34,10143.84,10408.67,12556.33,,,
Colombia,Col,GDP per capita (current US$),NY.GDP.PCAP.CD,6782.04,6438.06,5307.22,6104.14,,,
Comoros,Com,GDP per capita (current US$),NY.GDP.PCAP.CD,1531.34,1510.8,1519.59,1577.47,,,
Congo,Con,GDP per capita (current US$),NY.GDP.PCAP.CD,2512.38,2288.81,1838.45,2290.38,,,
Congo DR,Cod,GDP per capita (current US$),NY.GDP.PCAP.CD,546.21,575.88,524.67,577.21,,,
Costa Rica,Cos,GDP per capita (current US$),NY.GDP.PCAP.CD,12383.15,12669.34,12132.88,12472.44,,,
Côte d'Ivoire,Côt,GDP per capita (current US$),NY.GDP.PCAP.CD,2275.5,2238.81,2288.12,2549.04,,,
Croatia,Cro,GDP per capita (current US$),NY.GDP.PCAP.CD,15244.43,15331.88,14198.75,17685.33,,,
Cuba,Cub,GDP per capita (current US$),NY.GDP.PCAP.CD,8831.91,9139.42,9499.59,9499.59,,,
Curaçao,Cur,GDP per capita (current US$),NY.GDP.PCAP.CD,18956.1,19024.18,16109.86,17717.6,,,
Cyprus,Cyp,GDP per capita (current US$),NY.GDP.PCAP.CD,29418.94,29417.14,28036.19,31551.82,,,
Czech Republic,Cze,GDP per capita (current US$),NY.GDP.PCAP.CD,23424.48,23664.85,22992.88,26821.25,,,
Denmark,Den,GDP per capita (current US$),NY.GDP.PCAP.CD,61591.93,59592.98,60915.42,68007.76,,,
Djibouti,Dji,GDP per capita (current US$),NY.GDP.PCAP.CD,2755.84,2876.04,2918,3150.44,,,
Dominica,Dom,GDP per capita (current US$),NY.GDP.PCAP.CD,7833.2,8561.59,7003.47,7653.17,,,
Dominican Republic,Dom,GDP per capita (current US$),NY.GDP.PCAP.CD,7947.16,8173.34,7167.92,8476.75,,,
Early-demographic dividend,EAR,GDP per capita (current US$),NY.GDP.PCAP.CD,3467.18,3489.17,3215.09,3703.9,,,
East Asia & Pacific,EAS,GDP per capita (current US$),NY.GDP.PCAP.CD,11310.5,11482.53,11475.46,13041.78,,,
East Asia & Pacific (excluding high income),EAP,GDP per capita (current US$),NY.GDP.PCAP.CD,7944.55,8169.17,8262.48,9771.65,,,
East Asia & Pacific (IDA & IBRD countries),TEA,GDP per capita (current US$),NY.GDP.PCAP.CD,8032.8,8259.8,8354.07,9880.1,,,
Ecuador,Ecu,GDP per capita (current US$),NY.GDP.PCAP.CD,6321.35,6233.26,5645.2,5965.13,,,
Egypt,Egy,GDP per capita (current US$),NY.GDP.PCAP.CD,2407.09,2869.58,3398.8,3698.83,,,
El Salvador,El ,GDP per capita (current US$),NY.GDP.PCAP.CD,4145.86,4280.29,3903.4,4551.18,,,
England,Eng,GDP per capita (current US$),NY.GDP.PCAP.CD,43306.31,42747.08,40318.56,46510.28,,,
Equatorial Guinea,GNQ,GDP per capita (current US$),NY.GDP.PCAP.CD,8719.19,7317.39,6327.6,7506.67,,,
Equatorial Guinea,Equ,GDP per capita (current US$),NY.GDP.PCAP.CD,758.3,840.45,918.65,925.08,,,
Eritrea,ERI,GDP per capita (current US$),NY.GDP.PCAP.CD,,,,,,,
Eritrea,Eri,GDP per capita (current US$),NY.GDP.PCAP.CD,40045.57,39182.55,38159.73,42450.15,,,
Estonia,EST,GDP per capita (current US$),NY.GDP.PCAP.CD,23165.85,23424.48,23595.24,27943.7,,,
Estonia,Est,GDP per capita (current US$),NY.GDP.PCAP.CD,25243.79,24870.26,23984.28,27152.47,,,
Eswatini,SWZ,GDP per capita (current US$),NY.GDP.PCAP.CD,4020.27,3843.38,3372.9,3978.4,,,
Eswatini,Esw,GDP per capita (current US$),NY.GDP.PCAP.CD,7994.78,8129.89,7441.47,8758.94,,,
Ethiopia,Eth,GDP per capita (current US$),NY.GDP.PCAP.CD,8870.4,9019.72,8423.2,9842.05,,,
European Union,EUU,GDP per capita (current US$),NY.GDP.PCAP.CD,35751.22,35079.47,34330.37,38411.06,,,
Faroe Islands,Far,GDP per capita (current US$),NY.GDP.PCAP.CD,62576.99,63383.2,61980.29,69010.31,,,
Fiji,Fij,GDP per capita (current US$),NY.GDP.PCAP.CD,6073.34,5968.3,4864.12,4646.61,,,
Finland,Fin,GDP per capita (current US$),NY.GDP.PCAP.CD,49987.63,48629.86,49170.75,53654.75,,,
Fragile and conflict affected situations,FCS,GDP per capita (current US$),NY.GDP.PCAP.CD,1858.13,1884.58,1716.22,1796.4,,,
France,Fra,GDP per capita (current US$),NY.GDP.PCAP.CD,41557.85,40494.9,39055.28,43658.98,,,
French Polynesia,PYF,GDP per capita (current US$),NY.GDP.PCAP.CD,20614.9,20023.5,18910.38,19914.6,,,
Gabon,Gab,GDP per capita (current US$),NY.GDP.PCAP.CD,7694.91,7523.86,6680.08,8635.33,,,
Gambia,Gam,GDP per capita (current US$),NY.GDP.PCAP.CD,683.32,722.87,704.03,772.15,,,
Georgia,Geo,GDP per capita (current US$),NY.GDP.PCAP.CD,4722.04,4696.15,4255.74,5023.27,,,
Germany,Ger,GDP per capita (current US$),NY.GDP.PCAP.CD,47939.28,46793.69,46772.83,51203.55,,,
Ghana,Gha,GDP per capita (current US$),NY.GDP.PCAP.CD,2180.04,2167.91,2176.58,2363.3,,,
Gibraltar,Gib,GDP per capita (current US$),NY.GDP.PCAP.CD,,,,,,,
Greece,Gre,GDP per capita (current US$),NY.GDP.PCAP.CD,19756.99,19144.28,17658.95,20192.6,,,
Greenland,GRL,GDP per capita (current US$),NY.GDP.PCAP.CD,54545.3,53256.24,54571.21,,,,
Grenada,Gre,GDP per capita (current US$),NY.GDP.PCAP.CD,9574.28,9887.92,8437.57,9010.57,,,
Guam,Gua,GDP per capita (current US$),NY.GDP.PCAP.CD,35902.73,37752.63,34780.86,35904.86,,,
Guatemala,Gua,GDP per capita (current US$),NY.GDP.PCAP.CD,4485.73,4647.69,4604.58,5025.54,,,
Guinea,Gui,GDP per capita (current US$),NY.GDP.PCAP.CD,944.42,1043.9,1073.66,1189.18,,,
Guinea-Bissau,Gui,GDP per capita (current US$),NY.GDP.PCAP.CD,781.64,730.61,710.26,795.12,,,
Guyana,Guy,GDP per capita (current US$),NY.GDP.PCAP.CD,6094.91,6477.3,6863.07,9998.54,,,
Haiti,Hai,GDP per capita (current US$),NY.GDP.PCAP.CD,1494.22,1324.84,1283.14,1829.59,,,
Heavily indebted poor countries (HIPC),HPC,GDP per capita (current US$),NY.GDP.PCAP.CD,972.32,978.49,958.44,1035.7,,,
High income,HIC,GDP per capita (current US$),NY.GDP.PCAP.CD,44527.61,44723.93,43415.68,48225.24,,,
Honduras,Hon,GDP per capita (current US$),NY.GDP.PCAP.CD,2457.69,2519.37,2354.12,2771.72,,,
Hong Kong,Hon,GDP per capita (current US$),NY.GDP.PCAP.CD,48537.57,48356.06,46107.77,49800.54,,,
Hungary,Hun,GDP per capita (current US$),NY.GDP.PCAP.CD,16425.1,16782.95,16120.99,18728.12,,,
IBRD only,IBD,GDP per capita (current US$),NY.GDP.PCAP.CD,6352.35,6435.95,6149.37,7221.41,,,
Iceland,Ice,GDP per capita (current US$),NY.GDP.PCAP.CD,74461.48,68853.72,59200.18,68727.64,,,
IDA & IBRD total,IBT,GDP per capita (current US$),NY.GDP.PCAP.CD,5076.59,5125.98,4888.97,5684.93,,,
IDA blend,IDB,GDP per capita (current US$),NY.GDP.PCAP.CD,1874.95,1827.17,1719.9,1842.77,,,
IDA only,IDX,GDP per capita (current US$),NY.GDP.PCAP.CD,1125.36,1159.35,1156.37,1231.13,,,
IDA total,IDA,GDP per capita (current US$),NY.GDP.PCAP.CD,1376.9,1382.25,1343.29,1433.8,,,
India,Ind,GDP per capita (current US$),NY.GDP.PCAP.CD,1974.38,2047.23,1910.42,2256.59,,,
Indonesia,Ind,GDP per capita (current US$),NY.GDP.PCAP.CD,3902.66,4151.23,3894.27,4332.71,,,
Iran,IR ,GDP per capita (current US$),NY.GDP.PCAP.CD,3874,3277.88,2746.42,4091.21,,,
Iraq,Ira,GDP per capita (current US$),NY.GDP.PCAP.CD,5601.47,5621.18,4332.3,4775.38,,,
Isle of Man,IMN,GDP per capita (current US$),NY.GDP.PCAP.CD,89429.65,87157.47,,,,,
Israel,Isr,GDP per capita (current US$),NY.GDP.PCAP.CD,42406.85,44452.23,44846.79,52170.71,,,
Italy,Ita,GDP per capita (current US$),NY.GDP.PCAP.CD,34622.17,33673.75,31911.04,35657.5,,,
Jamaica,Jam,GDP per capita (current US$),NY.GDP.PCAP.CD,5594.49,5626.17,4897.27,5183.58,,,
Japan,Jap,GDP per capita (current US$),NY.GDP.PCAP.CD,39727.12,40458,39918.17,39312.66,,,
Jordan,Jor,GDP per capita (current US$),NY.GDP.PCAP.CD,4146.41,4205.56,4042.77,4103.26,,,
Kazakhstan,Kaz,GDP per capita (current US$),NY.GDP.PCAP.CD,9812.63,9812.6,9121.64,10373.79,,,
Kenya,Ken,GDP per capita (current US$),NY.GDP.PCAP.CD,1845.78,1970.11,1936.42,2081.8,,,
Kiribati,KIR,GDP per capita (current US$),NY.GDP.PCAP.CD,1605.01,1432.18,1430.55,1606.46,,,
Korea DPR,Prk,GDP per capita (current US$),NY.GDP.PCAP.CD,,,,,,,
Korea Republic,Kor,GDP per capita (current US$),NY.GDP.PCAP.CD,33436.92,31902.42,31721.3,34997.78,,,
Kosovo,Kos,GDP per capita (current US$),NY.GDP.PCAP.CD,4384.05,4416.11,4310.81,5269.78,,,
Kuwait,Kuw,GDP per capita (current US$),NY.GDP.PCAP.CD,32007.52,30667.35,24300.33,57508,,,
Kyrgyz Republic,Kyr,GDP per capita (current US$),NY.GDP.PCAP.CD,1308.14,1374.03,1182.52,1276.7,,,
Laos,Lao,GDP per capita (current US$),NY.GDP.PCAP.CD,2553.36,2598.51,2593.36,2535.62,,,
Late-demographic dividend,LTE,GDP per capita (current US$),NY.GDP.PCAP.CD,9839.47,9979.25,9706.84,11465.86,,,
Latin America & Caribbean,LCN,GDP per capita (current US$),NY.GDP.PCAP.CD,8916.09,8707.19,7289.96,8327.61,,,
Latin America & Caribbean (excluding high income),LAC,GDP per capita (current US$),NY.GDP.PCAP.CD,8384.85,8181.62,6789.39,7728.03,,,
Latin America & the Caribbean (IDA & IBRD countries),TLA,GDP per capita (current US$),NY.GDP.PCAP.CD,8754.29,8526.27,7081.45,8108.92,,,
Latvia,Lat,GDP per capita (current US$),NY.GDP.PCAP.CD,17865.03,17945.22,18207.14,21148.16,,,
Least developed countries: UN classification,LDC,GDP per capita (current US$),NY.GDP.PCAP.CD,1073.32,1100.03,1095.77,1164.92,,,
Lebanon,Leb,GDP per capita (current US$),NY.GDP.PCAP.CD,9225.85,8985.57,5599.96,4136.15,,,
Lesotho,Les,GDP per capita (current US$),NY.GDP.PCAP.CD,1161.73,1102.56,989.85,1094.1,,,
Liberia,Lib,GDP per capita (current US$),NY.GDP.PCAP.CD,700.04,665.88,597.53,675.66,,,
Libya,Lib,GDP per capita (current US$),NY.GDP.PCAP.CD,11838.01,10542.15,7568.04,6357.2,,,
Liechtenstein,Lie,GDP per capita (current US$),NY.GDP.PCAP.CD,175283.63,167019.62,157754.95,,,,
Lithuania,Lit,GDP per capita (current US$),NY.GDP.PCAP.CD,19186.36,19595.14,20339.52,23723.34,,,
Low & middle income,LMY,GDP per capita (current US$),NY.GDP.PCAP.CD,4900.57,4952.23,4723.8,5494.4,,,
Low income,LIC,GDP per capita (current US$),NY.GDP.PCAP.CD,749.9,741.35,727.62,783.81,,,
Lower middle income,LMC,GDP per capita (current US$),NY.GDP.PCAP.CD,2323.93,2386.49,2268.98,2572.71,,,
Luxembourg,Lux,GDP per capita (current US$),NY.GDP.PCAP.CD,116786.51,112621.82,117370.5,133590.15,,,
Macau,Mac,GDP per capita (current US$),NY.GDP.PCAP.CD,84923.39,83183.17,37646.32,43873.59,,,
Madagascar,Mad,GDP per capita (current US$),NY.GDP.PCAP.CD,512.54,512.28,462.4,500.51,,,
Malawi,Mal,GDP per capita (current US$),NY.GDP.PCAP.CD,537.93,584.36,628.7,634.84,,,
Malaysia,Mal,GDP per capita (current US$),NY.GDP.PCAP.CD,11074.06,11132.02,10160.78,11109.26,,,
Maldives,Mal,GDP per capita (current US$),NY.GDP.PCAP.CD,10823.64,11118.56,7282.36,10366.29,,,
Mali,Mal,GDP per capita (current US$),NY.GDP.PCAP.CD,856.36,840.18,822.91,873.79,,,
Malta,Mal,GDP per capita (current US$),NY.GDP.PCAP.CD,31567.94,31198.24,28977.57,33486.67,,,
Marshall Islands,MHL,GDP per capita (current US$),NY.GDP.PCAP.CD,4769.19,5188.97,5567.97,6172.15,,,
Mauritania,Mau,GDP per capita (current US$),NY.GDP.PCAP.CD,1749.95,1839.96,1868.47,2166.05,,,
Mauritius,Mau,GDP per capita (current US$),NY.GDP.PCAP.CD,11645.98,11405.73,9007.42,9106.24,,,
Mexico,Mex,GDP per capita (current US$),NY.GDP.PCAP.CD,9857.03,10145.17,8655,10045.68,,,
"Micronesia, Fed. Sts.",FSM,GDP per capita (current US$),NY.GDP.PCAP.CD,3623.33,3699.08,3639.41,3571.34,,,
Middle East & North Africa,MEA,GDP per capita (current US$),NY.GDP.PCAP.CD,7476.77,7337.35,6491.5,7569.09,,,
Middle East & North Africa (excluding high income),MNA,GDP per capita (current US$),NY.GDP.PCAP.CD,3491.19,3438.72,3093.88,3573.17,,,
Middle East & North Africa (IDA & IBRD countries),TMN,GDP per capita (current US$),NY.GDP.PCAP.CD,3490.37,3436.13,3092.21,3572.07,,,
Middle income,MIC,GDP per capita (current US$),NY.GDP.PCAP.CD,5384,5448.65,5206.17,6074.08,,,
Moldova,Mol,GDP per capita (current US$),NY.GDP.PCAP.CD,4232.21,4493.37,4500.62,5230.66,,,
Monaco,MCO,GDP per capita (current US$),NY.GDP.PCAP.CD,194280.82,199377.48,182538.64,234315.46,,,
Mongolia,Mon,GDP per capita (current US$),NY.GDP.PCAP.CD,4165.02,4394.95,4041.17,4566.14,,,
Montenegro,Mon,GDP per capita (current US$),NY.GDP.PCAP.CD,8850.09,8909.65,7677.15,9465.7,,,
Morocco,Mor,GDP per capita (current US$),NY.GDP.PCAP.CD,3492.67,3498.57,3258.12,3795.38,,,
Mozambique,Moz,GDP per capita (current US$),NY.GDP.PCAP.CD,504.54,508.16,449.96,491.84,,,
Myanmar,Mya,GDP per capita (current US$),NY.GDP.PCAP.CD,1274.92,1295.2,1477.45,1209.93,,,
Namibia,Nam,GDP per capita (current US$),NY.GDP.PCAP.CD,5687.4,5126.18,4251.17,4865.56,,,
Nauru,NRU,GDP per capita (current US$),NY.GDP.PCAP.CD,10400.99,9786.03,9307.89,10648.14,,,
Nepal,Nep,GDP per capita (current US$),NY.GDP.PCAP.CD,1161.53,1185.68,1139.19,1208.22,,,
Netherlands,Net,GDP per capita (current US$),NY.GDP.PCAP.CD,53044.53,52476.27,52162.57,57767.88,,,
New Caledonia,New,GDP per capita (current US$),NY.GDP.PCAP.CD,36312.73,34797.52,34800.76,37159.55,,,
New Zealand,New,GDP per capita (current US$),NY.GDP.PCAP.CD,43250.44,42865.23,41596.51,48781.03,,,
Nicaragua,Nic,GDP per capita (current US$),NY.GDP.PCAP.CD,1981.86,1890.27,1863.11,2045.54,,,
Niger,Nig,GDP per capita (current US$),NY.GDP.PCAP.CD,567.33,550.96,564.82,590.63,,,
Nigeria,Nig,GDP per capita (current US$),NY.GDP.PCAP.CD,2125.83,2204.18,2074.61,2065.75,,,
North America,NAC,GDP per capita (current US$),NY.GDP.PCAP.CD,61174.78,63198.7,61451.98,68369.66,,,
North Macedonia,Nor,GDP per capita (current US$),NY.GDP.PCAP.CD,6108.74,6070.39,5965.45,6694.64,,,
Northern Mariana Islands,MNP,GDP per capita (current US$),NY.GDP.PCAP.CD,25882.63,23707.33,,,,,
Norway,Nor,GDP per capita (current US$),NY.GDP.PCAP.CD,82267.81,75719.75,67329.68,89154.28,,,
Not classified,INX,GDP per capita (current US$),NY.GDP.PCAP.CD,,,,,,,
OECD members,OED,GDP per capita (current US$),NY.GDP.PCAP.CD,39348.31,39531.66,38326.86,42446.86,,,
Oman,Oma,GDP per capita (current US$),NY.GDP.PCAP.CD,19887.57,19132.15,16707.62,19509.47,,,
Other small states,OSS,GDP per capita (current US$),NY.GDP.PCAP.CD,14062.5,13540.4,11683.19,13878.81,,,
Pacific island small states,PSS,GDP per capita (current US$),NY.GDP.PCAP.CD,4283.74,4233.41,3707.31,3643.85,,,
Pakistan,Pak,GDP per capita (current US$),NY.GDP.PCAP.CD,1620.74,1437.17,1322.32,1505.01,,,
Palau,PLW,GDP per capita (current US$),NY.GDP.PCAP.CD,15948.28,15567.09,14016.25,12083.89,,,
Panama,Pan,GDP per capita (current US$),NY.GDP.PCAP.CD,15588.34,15826.08,12569.17,14617.6,,,
Papua New Guinea,Pap,GDP per capita (current US$),NY.GDP.PCAP.CD,2584.3,2593.8,2446.07,2672.95,,,
Paraguay,Par,GDP per capita (current US$),NY.GDP.PCAP.CD,6242.96,5807.84,5353.35,5891.5,,,
Peru,Per,GDP per capita (current US$),NY.GDP.PCAP.CD,6912.11,6955.81,6056.34,6621.57,,,
Philippines,Phi,GDP per capita (current US$),NY.GDP.PCAP.CD,3194.67,3413.85,3224.42,3460.53,,,
Poland,Pol,GDP per capita (current US$),NY.GDP.PCAP.CD,15504.58,15699.91,15816.99,17999.91,,,
Portugal,Por,GDP per capita (current US$),NY.GDP.PCAP.CD,23562.55,23330.82,22242.41,24567.51,,,
Post-demographic dividend,PST,GDP per capita (current US$),NY.GDP.PCAP.CD,45382.31,45700.94,44474.55,49223.6,,,
Pre-demographic dividend,PRE,GDP per capita (current US$),NY.GDP.PCAP.CD,1455.86,1463.31,1337.46,1418.59,,,
Puerto Rico,Pue,GDP per capita (current US$),NY.GDP.PCAP.CD,31615.07,32916.87,31393.91,32640.71,,,
Qatar,Qat,GDP per capita (current US$),NY.GDP.PCAP.CD,66264.08,62637.28,52315.66,66838.36,,,
Republic of Ireland,Rep,GDP per capita (current US$),NY.GDP.PCAP.CD,79250.39,80927.07,85420.19,100172.08,,,
Romania,Rom,GDP per capita (current US$),NY.GDP.PCAP.CD,12494.48,12958.08,13047.43,14858.23,,,
Russia,Rus,GDP per capita (current US$),NY.GDP.PCAP.CD,11287.36,11536.25,10169.09,12194.78,,,
Rwanda,Rwa,GDP per capita (current US$),NY.GDP.PCAP.CD,769.44,806.88,774.69,822.35,,,
Samoa,Sam,GDP per capita (current US$),NY.GDP.PCAP.CD,4188.99,4308.27,4042.75,3857.32,,,
San Marino,San,GDP per capita (current US$),NY.GDP.PCAP.CD,48462.96,47287.4,45320.21,,,,
São Tomé and Príncipe,São,GDP per capita (current US$),NY.GDP.PCAP.CD,1950.63,1991.74,2161.31,2360.54,,,
Saudi Arabia,Sau,GDP per capita (current US$),NY.GDP.PCAP.CD,23318.74,22430.24,19539.57,23185.87,,,
Senegal,Sen,GDP per capita (current US$),NY.GDP.PCAP.CD,1484.24,1462.35,1490.2,1636.89,,,
Serbia,Ser,GDP per capita (current US$),NY.GDP.PCAP.CD,7252.4,7417.2,7733.8,9230.18,,,
Seychelles,Sey,GDP per capita (current US$),NY.GDP.PCAP.CD,16910.69,17253.51,12808.99,14653.31,,,
Sierra Leone,Sle,GDP per capita (current US$),NY.GDP.PCAP.CD,519.65,506.61,493.48,480.04,,,
Singapore,Sin,GDP per capita (current US$),NY.GDP.PCAP.CD,66859.34,65831.19,60729.45,72794,,,
Sint Maarten (Dutch part),SXM,GDP per capita (current US$),NY.GDP.PCAP.CD,28988.26,,,,,,
Slovakia,Slo,GDP per capita (current US$),NY.GDP.PCAP.CD,19486.39,19383.48,19545.74,21391.93,,,
Slovenia,Slo,GDP per capita (current US$),NY.GDP.PCAP.CD,26123.75,26016.08,25545.24,29291.4,,,
Small states,SST,GDP per capita (current US$),NY.GDP.PCAP.CD,12808.19,12427.58,10702.96,12588.93,,,
Solomon Islands,Sol,GDP per capita (current US$),NY.GDP.PCAP.CD,2450.48,2398.77,2222.47,2304.84,,,
Somalia,Som,GDP per capita (current US$),NY.GDP.PCAP.CD,379.99,405.79,416.22,446.98,,,
South Africa,Sou,GDP per capita (current US$),NY.GDP.PCAP.CD,7048.52,6688.79,5741.64,7055.04,,,
South Asia,SAS,GDP per capita (current US$),NY.GDP.PCAP.CD,1920.21,1962.8,1852.3,2149.82,,,
South Asia (IDA & IBRD),TSA,GDP per capita (current US$),NY.GDP.PCAP.CD,1920.21,1962.8,1852.3,2149.82,,,
South Sudan,Sou,GDP per capita (current US$),NY.GDP.PCAP.CD,,,,,,,
Spain,Spa,GDP per capita (current US$),NY.GDP.PCAP.CD,30379.72,29581.52,26959.68,30103.51,,,
Sri Lanka,Sri,GDP per capita (current US$),NY.GDP.PCAP.CD,4360.58,4082.69,3893.84,4013.69,,,
St. Kitts and Nevis,St.,GDP per capita (current US$),NY.GDP.PCAP.CD,22547.92,23219.33,18566.1,18082.61,,,
St. Lucia,St.,GDP per capita (current US$),NY.GDP.PCAP.CD,11563.84,11726.77,8458.16,9414.23,,,
St. Martin (French part),MAF,GDP per capita (current US$),NY.GDP.PCAP.CD,,,,,,,
St. Vincent and the Grenadines,St.,GDP per capita (current US$),NY.GDP.PCAP.CD,8399.69,8674.37,8335.26,8666.39,,,
Sub-Saharan Africa,SSF,GDP per capita (current US$),NY.GDP.PCAP.CD,1631.59,1607.92,1493.1,1633.18,,,
Sub-Saharan Africa (excluding high income),SSA,GDP per capita (current US$),NY.GDP.PCAP.CD,1630.24,1606.56,1492.13,1632.09,,,
Sub-Saharan Africa (IDA & IBRD countries),TSS,GDP per capita (current US$),NY.GDP.PCAP.CD,1631.59,1607.92,1493.1,1633.18,,,
Sudan,Sud,GDP per capita (current US$),NY.GDP.PCAP.CD,769.87,748.01,608.33,751.82,,,
Suriname,Sur,GDP per capita (current US$),NY.GDP.PCAP.CD,6730.85,6690.04,4796.53,4869.13,,,
Sweden,Swe,GDP per capita (current US$),NY.GDP.PCAP.CD,54589.06,51939.43,52837.9,61028.74,,,
Switzerland,Swi,GDP per capita (current US$),NY.GDP.PCAP.CD,85217.37,84121.93,85656.32,91991.6,,,
Syria,Syr,GDP per capita (current US$),NY.GDP.PCAP.CD,1104.39,1116.68,533.39,,,,
Tajikistan,Taj,GDP per capita (current US$),NY.GDP.PCAP.CD,850.67,889.02,852.33,897.05,,,
Tanzania,Tan,GDP per capita (current US$),NY.GDP.PCAP.CD,1010.94,1052.02,1042.1,1099.29,,,
Thailand,Tha,GDP per capita (current US$),NY.GDP.PCAP.CD,7124.56,7630.04,6990.94,7066.19,,,
Timor-Leste,Tim,GDP per capita (current US$),NY.GDP.PCAP.CD,1239.37,1584.26,1660.31,2741.39,,,
Togo,Tog,GDP per capita (current US$),NY.GDP.PCAP.CD,883.87,875.93,897.19,973.21,,,
Tonga,Ton,GDP per capita (current US$),NY.GDP.PCAP.CD,4649.58,4879.02,4606.06,4426,,,
Trinidad and Tobago,Tri,GDP per capita (current US$),NY.GDP.PCAP.CD,16164.16,15690.96,13871.8,16032.5,,,
Tunisia,Tun,GDP per capita (current US$),NY.GDP.PCAP.CD,3577.12,3477.88,3497.68,3807.14,,,
Turkey,Tur,GDP per capita (current US$),NY.GDP.PCAP.CD,9400.78,9103.04,8561.07,9661.24,,,
Turkmenistan,Tur,GDP per capita (current US$),NY.GDP.PCAP.CD,6721.35,7344.65,,,,,
Turks and Caicos Islands,Tur,GDP per capita (current US$),NY.GDP.PCAP.CD,26831.97,27795.15,20882.26,20908.58,,,
Tuvalu,TUV,GDP per capita (current US$),NY.GDP.PCAP.CD,4401.13,4949.17,4973.77,5632,,,
Uganda,Uga,GDP per capita (current US$),NY.GDP.PCAP.CD,793.13,823.14,846.77,883.89,,,
Ukraine,Ukr,GDP per capita (current US$),NY.GDP.PCAP.CD,3096.56,3661.46,3751.74,4835.57,,,
United Arab Emirates,Uni,GDP per capita (current US$),NY.GDP.PCAP.CD,46722.27,45376.17,37629.17,44315.55,,,
United States of America,USA,GDP per capita (current US$),NY.GDP.PCAP.CD,62823.31,65120.39,63530.63,70248.63,,,
Upper middle income,UMC,GDP per capita (current US$),NY.GDP.PCAP.CD,9435.78,9534.01,9157.82,10828.05,,,
Uruguay,Uru,GDP per capita (current US$),NY.GDP.PCAP.CD,18825.28,17859.93,15619.54,17313.19,,,
US Virgin Islands,US ,GDP per capita (current US$),NY.GDP.PCAP.CD,36653.86,38596.03,39552.17,,,,
Uzbekistan,Uzb,GDP per capita (current US$),NY.GDP.PCAP.CD,1597.07,1784.01,1749.66,1983.06,,,
Vanuatu,Van,GDP per capita (current US$),NY.GDP.PCAP.CD,3076.84,3076.59,2877.52,2996.62,,,
Venezuela,Ven,GDP per capita (current US$),NY.GDP.PCAP.CD,,,,,,,
Vietnam,Vie,GDP per capita (current US$),NY.GDP.PCAP.CD,3267.23,3491.09,3586.35,3756.49,,,
West Bank and Gaza,PSE,GDP per capita (current US$),NY.GDP.PCAP.CD,3562.33,3656.86,3233.57,3663.97,,,
World,WLD,GDP per capita (current US$),NY.GDP.PCAP.CD,11285.5,11320.92,10883.08,12236.62,,,
Yemen,Yem,GDP per capita (current US$),NY.GDP.PCAP.CD,701.71,,,,,,
Zambia,Zam,GDP per capita (current US$),NY.GDP.PCAP.CD,1475.2,1268.12,956.83,1137.34,,,
Zimbabwe,Zim,GDP per capita (current US$),NY.GDP.PCAP.CD,2269.18,1421.87,1372.7,1773.92,,,
